Workbook

Sheet 首頁與導覽
A1: 專案名稱：HappyFruit 2019-2021年度銷售績效與客戶行為分析報告
A2: 分析背景：針對HappyFruit資料庫中的銷售、產品、員工及客戶資料進行整合。
A3: 核心目標：透過多維度指標分析，識別高價值產品、核心業績驅動因素及月度營收趨勢，為營運決策提供數據支持。
A5: 資料集結構說明
A6: Sales表：紀錄交易金額、日期及關聯ID。
A7: Products表：紀錄產品名稱及產品ID。
A8: Employees表：紀錄業務員姓名及員工ID。
A9: Salesall表：紀錄交易金額、日期、業務員、客戶及產品名稱。
A11: 分析內容導覽
F13: 分析主題 | G13: SQL核心語法邏輯 | H13: Excel展現重點 | I13: 導覽連結
F14: 產品銷售驗證 | G14: 子查詢與條件過濾 | H14: COUNT函數應用、條件式格式設定
F15: 核心客戶貢獻度 | G15: JOIN、GROUP BY條件聚合與條件過濾、ORDER BY排序、子查詢 | H15: 樞紐分析、橫條圖
F16: 2019年度營收指標趨勢 | G16: replace資料清洗、日期函數 | H16: 日期函數、樞紐分析、折線圖
F17: 員工績效考核 | G17: JOIN、GROUP BY條件聚合與條件過濾、ORDER BY排序 | H17: XLOOKUP函數、樞紐分析
F18: 客戶消費行為與趨勢追蹤 | G18: Window Function操作 | H18: 樞紐分析、IFS公式

Sheet 產品銷售驗證
B1: 產品總數 | C1: =COUNTA(Sales!D:D)-1 -> 1000
B2: 活躍產品數 | C2: =COUNTIF(D6:D11,"已交易") -> 6
B3: 待淘汰產品 | C3: =COUNTIF(D6:D11,"無交易") -> 0
B5: id | C5: Name | D5: 交易紀錄
B6: 1 | C6: 西瓜 | D6: =IF(COUNTIF(Sales!D:D,B6)>0,"已交易","無交易") -> 已交易 | F6: 對應SQL邏輯：計算結果邏輯等同於SQL中的EXISTS判斷where p.id=s.product_id
B7: 2 | C7: 芒果 | D7: =IF(COUNTIF(Sales!D:D,B7)>0,"已交易","無交易") -> 已交易 | F7: 條件化格式：當公式結果為「已交易」時，該列底色自動變為淺紅色
B8: 3 | C8: 柚子 | D8: =IF(COUNTIF(Sales!D:D,B8)>0,"已交易","無交易") -> 已交易
B9: 4 | C9: 香蕉 | D9: =IF(COUNTIF(Sales!D:D,B9)>0,"已交易","無交易") -> 已交易
B10: 5 | C10: 鳳梨 | D10: =IF(COUNTIF(Sales!D:D,B10)>0,"已交易","無交易") -> 已交易
B11: 6 | C11: 蘋果 | D11: =IF(COUNTIF(Sales!D:D,B11)>0,"已交易","無交易") -> 已交易

Sheet 核心客戶貢獻度
B1: id | C1: Client | D1: Amount | E1: Date | F1: Product | G1: Employee
B2: 1 | C2: 布林食品公司 | D2: 41000 | E2: 2019-01-02 | F2: 蘋果 | G2: 方小文 | I2: 客戶名稱 | J2: 消費額總計 | L2: 全體客戶平均消費額 | M2: =AVERAGE(J3:J9) -> 23867286
B3: 2 | C3: 品國水果行 | D3: 230000 | E3: 2019-01-03 | F3: 香蕉 | G3: 楊小杉 | I3: 69小華超商 | J3: 27017000 | L3: 分析需求：由於全體訂單明細資料過於瑣碎，難以識別具核心價值的VIP客群。本分析聚焦在透過客戶別彙整，找出貢獻值優於消費額全體平均的VIP客群，以利後續資源分配。 分析價值：底色淺紅色為公司的VIP核心客群，可分配較多的行銷預算與客戶關懷，實現80/20法則的精準管理。
B4: 3 | C4: 69小華超商 | D4: 154000 | E4: 2019-01-04 | F4: 柚子 | G4: 葉小美 | I4: 愉悅水果運銷 | J4: 26950000
B5: 4 | C5: 愉悅水果運銷 | D5: 170000 | E5: 2019-01-05 | F5: 柚子 | G5: 李小怡 | I5: 樂活超市 | J5: 26310000
B6: 5 | C6: 松壽生鮮食超商 | D6: 100000 | E6: 2019-01-05 | F6: 芒果 | G6: 林小玉 | I6: 布林食品公司 | J6: 25627000
B7: 6 | C7: 樂活超市 | D7: 139000 | E7: 2019-01-06 | F7: 香蕉 | G7: 吳小亮 | I7: 品國水果行 | J7: 22289000
B8: 7 | C8: 69小華超商 | D8: 93000 | E8: 2019-01-07 | F8: 西瓜 | G8: 林阿杰 | I8: 松壽生鮮食超商 | J8: 20949000
B9: 8 | C9: 69小華超商 | D9: 247000 | E9: 2019-01-09 | F9: 柚子 | G9: 方小文 | I9: 清泉水果產銷 | J9: 17929000
B10: 9 | C10: 愉悅水果運銷 | D10: 58000 | E10: 2019-01-10 | F10: 鳳梨 | G10: 楊小杉 | I10: 總計 | J10: 167071000
B11: 10 | C11: 愉悅水果運銷 | D11: 231000 | E11: 2019-01-10 | F11: 西瓜 | G11: 葉小美
B12: 11 | C12: 品國水果行 | D12: 183000 | E12: 2019-01-10 | F12: 蘋果 | G12: 李小怡
B13: 12 | C13: 樂活超市 | D13: 156000 | E13: 2019-01-12 | F13: 柚子 | G13: 李小怡
B14: 13 | C14: 布林食品公司 | D14: 66000 | E14: 2019-01-12 | F14: 柚子 | G14: 林阿杰
B15: 14 | C15: 松壽生鮮食超商 | D15: 80000 | E15: 2019-01-15 | F15: 芒果 | G15: 葉小美
B16: 15 | C16: 品國水果行 | D16: 31000 | E16: 2019-01-15 | F16: 香蕉 | G16: 郭小婷
B17: 16 | C17: 樂活超市 | D17: 217000 | E17: 2019-01-15 | F17: 鳳梨 | G17: 方小文
B18: 17 | C18: 愉悅水果運銷 | D18: 239000 | E18: 2019-01-15 | F18: 西瓜 | G18: 方小文
B19: 18 | C19: 品國水果行 | D19: 120000 | E19: 2019-01-16 | F19: 香蕉 | G19: 葉小美
B20: 19 | C20: 品國水果行 | D20: 246000 | E20: 2019-01-16 | F20: 西瓜 | G20: 葉小美
B21: 20 | C21: 樂活超市 | D21: 79000 | E21: 2019-01-17 | F21: 鳳梨 | G21: 楊小杉
B22: 21 | C22: 愉悅水果運銷 | D22: 167000 | E22: 2019-01-17 | F22: 香蕉 | G22: 葉小美
... B1001: 1000 | C1001: 清泉水果產銷 | D1001: 77000 | E1001: 2021-12-31 | F1001: 鳳梨 | G1001: 吳小亮

Sheet 2019年度營收指標趨勢
B1: id | C1: employee_id | D1: client_id | E1: product_id | F1: Amount | G1: Date | H1: 年份 | I1: 月份 | K1: 年份 | L1: 2019
B2: 1 | C2: 9 | D2: 4 | E2: 6 | F2: 41000 | G2: 2019年1月2日 | H2: =YEAR(G2) -> 2019 | I2: =MONTH(G2) -> 1
B3: 2 | C3: 4 | D3: 6 | E3: 4 | F3: 230000 | G3: 2019年1月3日 | H3: =YEAR(G3) -> 2019 | I3: =MONTH(G3) -> 1 | K3: 月份 | L3: 業績統計 | M3: KPI達標檢核
B4: 3 | C4: 2 | D4: 1 | E4: 3 | F4: 154000 | G4: 2019年1月4日 | H4: =YEAR(G4) -> 2019 | I4: =MONTH(G4) -> 1 | K4: 1 | L4: 6253000 | M4: =IF(L4>5000000,"已達標","未達標") -> 已達標 | N4: 分析需求：將2019年度的每日交易金額彙整為月度營收成果，用以觀察數據趨勢，檢視達到月營收目標500萬KPI門檻的月份。
B5: 4 | C5: 8 | D5: 3 | E5: 3 | F5: 170000 | G5: 2019年1月5日 | H5: =YEAR(G5) -> 2019 | I5: =MONTH(G5) -> 1 | K5: 2 | L5: 4904000 | M5: =IF(L5>5000000,"已達標","未達標") -> 未達標
B6: 5 | C6: 1 | D6: 5 | E6: 2 | F6: 100000 | G6: 2019年1月5日 | H6: =YEAR(G6) -> 2019 | I6: =MONTH(G6) -> 1 | K6: 3 | L6: 4414000 | M6: =IF(L6>5000000,"已達標","未達標") -> 未達標
B7: 6 | C7: 6 | D7: 2 | E7: 4 | F7: 139000 | G7: 2019年1月6日 | H7: =YEAR(G7) -> 2019 | I7: =MONTH(G7) -> 1 | K7: 4 | L7: 2910000 | M7: =IF(L7>5000000,"已達標","未達標") -> 未達標 | N7: 對應SQL邏輯：KPI達標檢核結果等同於SQL中的HAVING SUM(Amount)>5000000判斷
B8: 7 | C8: 7 | D8: 1 | E8: 1 | F8: 93000 | G8: 2019年1月7日 | H8: =YEAR(G8) -> 2019 | I8: =MONTH(G8) -> 1 | K8: 5 | L8: 6725000 | M8: =IF(L8>5000000,"已達標","未達標") -> 已達標
B9: 8 | C9: 9 | D9: 1 | E9: 3 | F9: 247000 | G9: 2019年1月9日 | H9: =YEAR(G9) -> 2019 | I9: =MONTH(G9) -> 1 | K9: 6 | L9: 5367000 | M9: =IF(L9>5000000,"已達標","未達標") -> 已達標
B10: 9 | C10: 4 | D10: 3 | E10: 5 | F10: 58000 | G10: 2019年1月10日 | H10: =YEAR(G10) -> 2019 | I10: =MONTH(G10) -> 1 | K10: 7 | L10: 4084000 | M10: =IF(L10>5000000,"已達標","未達標") -> 未達標
B11: 10 | C11: 2 | D11: 3 | E11: 1 | F11: 231000 | G11: 2019年1月10日 | H11: =YEAR(G11) -> 2019 | I11: =MONTH(G11) -> 1 | K11: 8 | L11: 6563000 | M11: =IF(L11>5000000,"已達標","未達標") -> 已達標
B12: 11 | C12: 8 | D12: 6 | E12: 6 | F12: 183000 | G12: 2019年1月10日 | H12: =YEAR(G12) -> 2019 | I12: =MONTH(G12) -> 1 | K12: 9 | L12: 3242000 | M12: =IF(L12>5000000,"已達標","未達標") -> 未達標
B13: 12 | C13: 8 | D13: 2 | E13: 3 | F13: 156000 | G13: 2019年1月12日 | H13: =YEAR(G13) -> 2019 | I13: =MONTH(G13) -> 1 | K13: 10 | L13: 4006000 | M13: =IF(L13>5000000,"已達標","未達標") -> 未達標
B14: 13 | C14: 7 | D14: 4 | E14: 3 | F14: 66000 | G14: 2019年1月12日 | H14: =YEAR(G14) -> 2019 | I14: =MONTH(G14) -> 1 | K14: 11 | L14: 5260000 | M14: =IF(L14>5000000,"已達標","未達標") -> 已達標
B15: 14 | C15: 2 | D15: 5 | E15: 2 | F15: 80000 | G15: 2019年1月15日 | H15: =YEAR(G15) -> 2019 | I15: =MONTH(G15) -> 1 | K15: 12 | L15: 4155000 | M15: =IF(L15>5000000,"已達標","未達標") -> 未達標
B16: 15 | C16: 5 | D16: 6 | E16: 4 | F16: 31000 | G16: 2019年1月15日 | H16: =YEAR(G16) -> 2019 | I16: =MONTH(G16) -> 1 | K16: 總計 | L16: 57883000
B17: 16 | C17: 9 | D17: 2 | E17: 5 | F17: 217000 | G17: 2019年1月15日 | H17: =YEAR(G17) -> 2019 | I17: =MONTH(G17) -> 1
B18: 17 | C18: 9 | D18: 3 | E18: 1 | F18: 239000 | G18: 2019年1月15日 | H18: =YEAR(G18) -> 2019 | I18: =MONTH(G18) -> 1
B19: 18 | C19: 2 | D19: 6 | E19: 4 | F19: 120000 | G19: 2019年1月16日 | H19: =YEAR(G19) -> 2019 | I19: =MONTH(G19) -> 1
B20: 19 | C20: 2 | D20: 6 | E20: 1 | F20: 246000 | G20: 2019年1月16日 | H20: =YEAR(G20) -> 2019 | I20: =MONTH(G20) -> 1
B21: 20 | C21: 4 | D21: 2 | E21: 5 | F21: 79000 | G21: 2019年1月17日 | H21: =YEAR(G21) -> 2019 | I21: =MONTH(G21) -> 1
B22: 21 | C22: 2 | D22: 3 | E22: 4 | F22: 167000 | G22: 2019年1月17日 | H22: =YEAR(G22) -> 2019 | I22: =MONTH(G22) -> 1
B23: 22 | C23: 4 | D23: 6 | E23: 6 | F23: 111000 | G23: 2019年1月18日 | H23: =YEAR(G23) -> 2019 | I23: =MONTH(G23) -> 1
B24: 23 | C24: 5 | D24: 2 | E24: 5 | F24: 215000 | G24: 2019年1月18日 | H24: =YEAR(G24) -> 2019 | I24: =MONTH(G24) -> 1
B25: 24 | C25: 3 | D25: 4 | E25: 2 | F25: 84000 | G25: 2019年1月18日 | H25: =YEAR(G25) -> 2019 | I25: =MONTH(G25) -> 1
B26: 25 | C26: 2 | D26: 3 | E26: 1 | F26: 275000 | G26: 2019年1月18日 | H26: =YEAR(G26) -> 2019 | I26: =MONTH(G26) -> 1
B27: 26 | C27: 4 | D27: 2 | E27: 2 | F27: 119000 | G27: 2019年1月19日 | H27: =YEAR(G27) -> 2019 | I27: =MONTH(G27) -> 1
B28: 27 | C28: 3 | D28: 6 | E28: 2 | F28: 88000 | G28: 2019年1月20日 | H28: =YEAR(G28) -> 2019 | I28: =MONTH(G28) -> 1
... B1001: 1000 | C1001: 6 | D1001: 7 | E1001: 5 | F1001: 77000 | G1001: 2021年12月31日 | H1001: =YEAR(G1001) -> 2021 | I1001: =MONTH(G1001) -> 12

Sheet 員工績效考核
B1: id | C1: Client | D1: Amount | E1: Date | F1: Product | G1: Employee | H1: 員工編號
B2: 1 | C2: 布林食品公司 | D2: 41000 | E2: 2019-01-02 | F2: 蘋果 | G2: 方小文 | H2: =_xlfn.XLOOKUP(G2,Employees!C:C,Employees!B:B,FALSE) -> T009 | J2: 業務員 | K2: 業績統計 | L2: KPI達標檢核
B3: 2 | C3: 品國水果行 | D3: 230000 | E3: 2019-01-03 | F3: 香蕉 | G3: 楊小杉 | H3: =_xlfn.XLOOKUP(G3,Employees!C:C,Employees!B:B,FALSE) -> T004 | J3: 江小花 | K3: 20343000 | L3: =IF(K3>18000000,"績效優良","仍須努力") -> 績效優良 | N3: 分析需求：統計2019-2021年業務員營收成果，並以1800萬為個人績效指標，績效優良的業務員，為公司的「高產值人才」，應發放績效獎金以茲鼓勵，並進行晉升評估。
B4: 3 | C4: 69小華超商 | D4: 154000 | E4: 2019-01-04 | F4: 柚子 | G4: 葉小美 | H4: =_xlfn.XLOOKUP(G4,Employees!C:C,Employees!B:B,FALSE) -> T002 | J4: 葉小美 | K4: 19164000 | L4: =IF(K4>18000000,"績效優良","仍須努力") -> 績效優良
B5: 4 | C5: 愉悅水果運銷 | D5: 170000 | E5: 2019-01-05 | F5: 柚子 | G5: 李小怡 | H5: =_xlfn.XLOOKUP(G5,Employees!C:C,Employees!B:B,FALSE) -> T008 | J5: 楊小杉 | K5: 19145000 | L5: =IF(K5>18000000,"績效優良","仍須努力") -> 績效優良
B6: 5 | C6: 松壽生鮮食超商 | D6: 100000 | E6: 2019-01-05 | F6: 芒果 | G6: 林小玉 | H6: =_xlfn.XLOOKUP(G6,Employees!C:C,Employees!B:B,FALSE) -> T001 | J6: 李小怡 | K6: 18840000 | L6: =IF(K6>18000000,"績效優良","仍須努力") -> 績效優良
B7: 6 | C7: 樂活超市 | D7: 139000 | E7: 2019-01-06 | F7: 香蕉 | G7: 吳小亮 | H7: =_xlfn.XLOOKUP(G7,Employees!C:C,Employees!B:B,FALSE) -> T006 | J7: 郭小婷 | K7: 18450000 | L7: =IF(K7>18000000,"績效優良","仍須努力") -> 績效優良 | N7: 關鍵成果：2019-2021年間，共 7 位業務員達成績效優良目標，其中江小花超過2000萬的佳績站上冠軍寶座。
B8: 7 | C8: 69小華超商 | D8: 93000 | E8: 2019-01-07 | F8: 西瓜 | G8: 林阿杰 | H8: =_xlfn.XLOOKUP(G8,Employees!C:C,Employees!B:B,FALSE) -> T007 | J8: 吳小亮 | K8: 18408000 | L8: =IF(K8>18000000,"績效優良","仍須努力") -> 績效優良
B9: 8 | C9: 69小華超商 | D9: 247000 | E9: 2019-01-09 | F9: 柚子 | G9: 方小文 | H9: =_xlfn.XLOOKUP(G9,Employees!C:C,Employees!B:B,FALSE) -> T009 | J9: 方小文 | K9: 18313000 | L9: =IF(K9>18000000,"績效優良","仍須努力") -> 績效優良
B10: 9 | C10: 愉悅水果運銷 | D10: 58000 | E10: 2019-01-10 | F10: 鳳梨 | G10: 楊小杉 | H10: =_xlfn.XLOOKUP(G10,Employees!C:C,Employees!B:B,FALSE) -> T004 | J10: 林小玉 | K10: 17646000 | L10: =IF(K10>18000000,"績效優良","仍須努力") -> 仍須努力
B11: 10 | C11: 愉悅水果運銷 | D11: 231000 | E11: 2019-01-10 | F11: 西瓜 | G11: 葉小美 | H11: =_xlfn.XLOOKUP(G11,Employees!C:C,Employees!B:B,FALSE) -> T002 | J11: 林阿杰 | K11: 16762000 | L11: =IF(K11>18000000,"績效優良","仍須努力") -> 仍須努力
B12: 11 | C12: 品國水果行 | D12: 183000 | E12: 2019-01-10 | F12: 蘋果 | G12: 李小怡 | H12: =_xlfn.XLOOKUP(G12,Employees!C:C,Employees!B:B,FALSE) -> T008 | J12: 總計 | K12: 167071000
B13: 12 | C13: 樂活超市 | D13: 156000 | E13: 2019-01-12 | F13: 柚子 | G13: 李小怡 | H13: =_xlfn.XLOOKUP(G13,Employees!C:C,Employees!B:B,FALSE) -> T008
B14: 13 | C14: 布林食品公司 | D14: 66000 | E14: 2019-01-12 | F14: 柚子 | G14: 林阿杰 | H14: =_xlfn.XLOOKUP(G14,Employees!C:C,Employees!B:B,FALSE) -> T007
B15: 14 | C15: 松壽生鮮食超商 | D15: 80000 | E15: 2019-01-15 | F15: 芒果 | G15: 葉小美 | H15: =_xlfn.XLOOKUP(G15,Employees!C:C,Employees!B:B,FALSE) -> T002
B16: 15 | C16: 品國水果行 | D16: 31000 | E16: 2019-01-15 | F16: 香蕉 | G16: 郭小婷 | H16: =_xlfn.XLOOKUP(G16,Employees!C:C,Employees!B:B,FALSE) -> T005
B17: 16 | C17: 樂活超市 | D17: 217000 | E17: 2019-01-15 | F17: 鳳梨 | G17: 方小文 | H17: =_xlfn.XLOOKUP(G17,Employees!C:C,Employees!B:B,FALSE) -> T009
B18: 17 | C18: 愉悅水果運銷 | D18: 239000 | E18: 2019-01-15 | F18: 西瓜 | G18: 方小文 | H18: =_xlfn.XLOOKUP(G18,Employees!C:C,Employees!B:B,FALSE) -> T009
B19: 18 | C19: 品國水果行 | D19: 120000 | E19: 2019-01-16 | F19: 香蕉 | G19: 葉小美 | H19: =_xlfn.XLOOKUP(G19,Employees!C:C,Employees!B:B,FALSE) -> T002
B20: 19 | C20: 品國水果行 | D20: 246000 | E20: 2019-01-16 | F20: 西瓜 | G20: 葉小美 | H20: =_xlfn.XLOOKUP(G20,Employees!C:C,Employees!B:B,FALSE) -> T002
B21: 20 | C21: 樂活超市 | D21: 79000 | E21: 2019-01-17 | F21: 鳳梨 | G21: 楊小杉 | H21: =_xlfn.XLOOKUP(G21,Employees!C:C,Employees!B:B,FALSE) -> T004
B22: 21 | C22: 愉悅水果運銷 | D22: 167000 | E22: 2019-01-17 | F22: 香蕉 | G22: 葉小美 | H22: =_xlfn.XLOOKUP(G22,Employees!C:C,Employees!B:B,FALSE) -> T002
B23: 22 | C23: 品國水果行 | D23: 111000 | E23: 2019-01-18 | F23: 蘋果 | G23: 楊小杉 | H23: =_xlfn.XLOOKUP(G23,Employees!C:C,Employees!B:B,FALSE) -> T004
B24: 23 | C24: 樂活超市 | D24: 215000 | E24: 2019-01-18 | F24: 鳳梨 | G24: 郭小婷 | H24: =_xlfn.XLOOKUP(G24,Employees!C:C,Employees!B:B,FALSE) -> T005
... B1001: 1000 | C1001: 清泉水果產銷 | D1001: 77000 | E1001: 2021-12-31 | F1001: 鳳梨 | G1001: 吳小亮 | H1001: =_xlfn.XLOOKUP(G1001,Employees!C:C,Employees!B:B,FALSE) -> T006

Sheet 客戶消費行為與趨勢追蹤
B1: id | C1: Client | D1: Amount | E1: Date | F1: Product | G1: Employee | H1: 訂單分級
B2: 1 | C2: 布林食品公司 | D2: 41000 | E2: 2019-01-02 | F2: 蘋果 | G2: 方小文 | H2: {=_xlfn.IFS(D2>=250000,"高額",D2>=150000,"中額",TRUE,"低額")} -> 低額 | J2: 客戶名稱 | K2: 營收統計 | L2: 營收百分比 | M2: 客戶排名
B3: 2 | C3: 品國水果行 | D3: 230000 | E3: 2019-01-03 | F3: 香蕉 | G3: 楊小杉 | H3: {=_xlfn.IFS(D3>=250000,"高額",D3>=150000,"中額",TRUE,"低額")} -> 中額 | J3: 69小華超商 | K3: 27017000 | L3: 0.16170969 | M3: 1
B4: 3 | C4: 69小華超商 | D4: 154000 | E4: 2019-01-04 | F4: 柚子 | G4: 葉小美 | H4: {=_xlfn.IFS(D4>=250000,"高額",D4>=150000,"中額",TRUE,"低額")} -> 中額 | J4: 愉悅水果運銷 | K4: 26950000 | L4: 0.16130867 | M4: 2
B5: 4 | C5: 愉悅水果運銷 | D5: 170000 | E5: 2019-01-05 | F5: 柚子 | G5: 李小怡 | H5: {=_xlfn.IFS(D5>=250000,"高額",D5>=150000,"中額",TRUE,"低額")} -> 中額 | J5: 樂活超市 | K5: 26310000 | L5: 0.15747796 | M5: 3
B6: 5 | C6: 松壽生鮮食超商 | D6: 100000 | E6: 2019-01-05 | F6: 芒果 | G6: 林小玉 | H6: {=_xlfn.IFS(D6>=250000,"高額",D6>=150000,"中額",TRUE,"低額")} -> 低額 | J6: 布林食品公司 | K6: 25627000 | L6: 0.15338988 | M6: 4
B7: 6 | C7: 樂活超市 | D7: 139000 | E7: 2019-01-06 | F7: 香蕉 | G7: 吳小亮 | H7: {=_xlfn.IFS(D7>=250000,"高額",D7>=150000,"中額",TRUE,"低額")} -> 低額 | J7: 品國水果行 | K7: 22289000 | L7: 0.13341035 | M7: 5
B8: 7 | C8: 69小華超商 | D8: 93000 | E8: 2019-01-07 | F8: 西瓜 | G8: 林阿杰 | H8: {=_xlfn.IFS(D8>=250000,"高額",D8>=150000,"中額",TRUE,"低額")} -> 低額 | J8: 松壽生鮮食超商 | K8: 20949000 | L8: 0.1253898 | M8: 6
B9: 8 | C9: 69小華超商 | D9: 247000 | E9: 2019-01-09 | F9: 柚子 | G9: 方小文 | H9: {=_xlfn.IFS(D9>=250000,"高額",D9>=150000,"中額",TRUE,"低額")} -> 中額 | J9: 清泉水果產銷 | K9: 17929000 | L9: 0.10731366 | M9: 7
B10: 9 | C10: 愉悅水果運銷 | D10: 58000 | E10: 2019-01-10 | F10: 鳳梨 | G10: 楊小杉 | H10: {=_xlfn.IFS(D10>=250000,"高額",D10>=150000,"中額",TRUE,"低額")} -> 低額 | J10: 總計 | K10: 167071000 | L10: 1
B11: 10 | C11: 愉悅水果運銷 | D11: 231000 | E11: 2019-01-10 | F11: 西瓜 | G11: 葉小美 | H11: {=_xlfn.IFS(D11>=250000,"高額",D11>=150000,"中額",TRUE,"低額")} -> 中額
B12: 11 | C12: 品國水果行 | D12: 183000 | E12: 2019-01-10 | F12: 蘋果 | G12: 李小怡 | H12: {=_xlfn.IFS(D12>=250000,"高額",D12>=150000,"中額",TRUE,"低額")} -> 中額 | J12: 分析價值：透過訂單分級指標，針對高額訂單，啟動優先配送服務。營收百分比15%以上的客戶，為公司重點經營的對象，但需注意營收過度依賴單一供應商的經營風險。
B13: 12 | C13: 樂活超市 | D13: 156000 | E13: 2019-01-12 | F13: 柚子 | G13: 李小怡 | H13: {=_xlfn.IFS(D13>=250000,"高額",D13>=150000,"中額",TRUE,"低額")} -> 中額
B14: 13 | C14: 布林食品公司 | D14: 66000 | E14: 2019-01-12 | F14: 柚子 | G14: 林阿杰 | H14: {=_xlfn.IFS(D14>=250000,"高額",D14>=150000,"中額",TRUE,"低額")} -> 低額
B15: 14 | C15: 松壽生鮮食超商 | D15: 80000 | E15: 2019-01-15 | F15: 芒果 | G15: 葉小美 | H15: {=_xlfn.IFS(D15>=250000,"高額",D15>=150000,"中額",TRUE,"低額")} -> 低額
B16: 15 | C16: 品國水果行 | D16: 31000 | E16: 2019-01-15 | F16: 香蕉 | G16: 郭小婷 | H16: {=_xlfn.IFS(D16>=250000,"高額",D16>=150000,"中額",TRUE,"低額")} -> 低額
B17: 16 | C17: 樂活超市 | D17: 217000 | E17: 2019-01-15 | F17: 鳳梨 | G17: 方小文 | H17: {=_xlfn.IFS(D17>=250000,"高額",D17>=150000,"中額",TRUE,"低額")} -> 中額
B18: 17 | C18: 愉悅水果運銷 | D18: 239000 | E18: 2019-01-15 | F18: 西瓜 | G18: 方小文 | H18: {=_xlfn.IFS(D18>=250000,"高額",D18>=150000,"中額",TRUE,"低額")} -> 中額
B19: 18 | C19: 品國水果行 | D19: 120000 | E19: 2019-01-16 | F19: 香蕉 | G19: 葉小美 | H19: {=_xlfn.IFS(D19>=250000,"高額",D19>=150000,"中額",TRUE,"低額")} -> 低額
B20: 19 | C20: 品國水果行 | D20: 246000 | E20: 2019-01-16 | F20: 西瓜 | G20: 葉小美 | H20: {=_xlfn.IFS(D20>=250000,"高額",D20>=150000,"中額",TRUE,"低額")} -> 中額
B21: 20 | C21: 樂活超市 | D21: 79000 | E21: 2019-01-17 | F21: 鳳梨 | G21: 楊小杉 | H21: {=_xlfn.IFS(D21>=250000,"高額",D21>=150000,"中額",TRUE,"低額")} -> 低額
B22: 21 | C22: 愉悅水果運銷 | D22: 167000 | E22: 2019-01-17 | F22: 香蕉 | G22: 葉小美 | H22: {=_xlfn.IFS(D22>=250000,"高額",D22>=150000,"中額",TRUE,"低額")} -> 中額
B23: 22 | C23: 品國水果行 | D23: 111000 | E23: 2019-01-18 | F23: 蘋果 | G23: 楊小杉 | H23: {=_xlfn.IFS(D23>=250000,"高額",D23>=150000,"中額",TRUE,"低額")} -> 低額
B24: 23 | C24: 樂活超市 | D24: 215000 | E24: 2019-01-18 | F24: 鳳梨 | G24: 郭小婷 | H24: {=_xlfn.IFS(D24>=250000,"高額",D24>=150000,"中額",TRUE,"低額")} -> 中額
... B1001: 1000 | C1001: 清泉水果產銷 | D1001: 77000 | E1001: 2021-12-31 | F1001: 鳳梨 | G1001: 吳小亮 | H1001: {=_xlfn.IFS(D1001>=250000,"高額",D1001>=150000,"中額",TRUE,"低額")} -> 低額

Sheet Clients
A1: id | B1: Name | C1: City
A2: 1 | B2: 69小華超商 | C2: 臺北市
A3: 2 | B3: 樂活超市 | C3: 新竹市
A4: 3 | B4: 愉悅水果運銷 | C4: 高雄市
A5: 4 | B5: 布林食品公司 | C5: 新北市
A6: 5 | B6: 松壽生鮮食超商 | C6: 臺中市
A7: 6 | B7: 品國水果行 | C7: 雲林縣
A8: 7 | B8: 清泉水果產銷 | C8: 苗栗縣

Sheet Employees
A1: id | B1: Code | C1: Name
A2: 1 | B2: T001 | C2: 林小玉
A3: 2 | B3: T002 | C3: 葉小美
A4: 3 | B4: T003 | C4: 江小花
A5: 4 | B5: T004 | C5: 楊小杉
A6: 5 | B6: T005 | C6: 郭小婷
A7: 6 | B7: T006 | C7: 吳小亮
A8: 7 | B8: T007 | C8: 林阿杰
A9: 8 | B9: T008 | C9: 李小怡
A10: 9 | B10: T009 | C10: 方小文

Sheet Products
A1: id | B1: Name
A2: 1 | B2: 西瓜
A3: 2 | B3: 芒果
A4: 3 | B4: 柚子
A5: 4 | B5: 香蕉
A6: 5 | B6: 鳳梨
A7: 6 | B7: 蘋果

Sheet Sales
A1: id | B1: employee_id | C1: client_id | D1: product_id | E1: Amount | F1: Date
A2: 1 | B2: 9 | C2: 4 | D2: 6 | E2: 41000.00 | F2: 2019年1月2日
A3: 2 | B3: 4 | C3: 6 | D3: 4 | E3: 230000.00 | F3: 2019年1月3日
A4: 3 | B4: 2 | C4: 1 | D4: 3 | E4: 154000.00 | F4: 2019年1月4日
A5: 4 | B5: 8 | C5: 3 | D5: 3 | E5: 170000.00 | F5: 2019年1月5日
A6: 5 | B6: 1 | C6: 5 | D6: 2 | E6: 100000.00 | F6: 2019年1月5日
A7: 6 | B7: 6 | C7: 2 | D7: 4 | E7: 139000.00 | F7: 2019年1月6日
A8: 7 | B8: 7 | C8: 1 | D8: 1 | E8: 93000.00 | F8: 2019年1月7日
A9: 8 | B9: 9 | C9: 1 | D9: 3 | E9: 247000.00 | F9: 2019年1月9日
A10: 9 | B10: 4 | C10: 3 | D10: 5 | E10: 58000.00 | F10: 2019年1月10日
A11: 10 | B11: 2 | C11: 3 | D11: 1 | E11: 231000.00 | F11: 2019年1月10日
A12: 11 | B12: 8 | C12: 6 | D12: 6 | E12: 183000.00 | F12: 2019年1月10日
... A1001: 1000 | B1001: 6 | C1001: 7 | D1001: 5 | E1001: 77000.00 | F1001: 2021年12月31日

Sheet Salesall
A1: id | B1: Client | C1: Amount | D1: Date | E1: Product | F1: Employee
A2: 1 | B2: 布林食品公司 | C2: 41000.00 | D2: 2019-01-02 | E2: 蘋果 | F2: 方小文
A3: 2 | B3: 品國水果行 | C3: 230000.00 | D3: 2019-01-03 | E3: 香蕉 | F3: 楊小杉
A4: 3 | B4: 69小華超商 | C4: 154000.00 | D4: 2019-01-04 | E4: 柚子 | F4: 葉小美
A5: 4 | B5: 愉悅水果運銷 | C5: 170000.00 | D5: 2019-01-05 | E5: 柚子 | F5: 李小怡
A6: 5 | B6: 松壽生鮮食超商 | C6: 100000.00 | D6: 2019-01-05 | E6: 芒果 | F6: 林小玉
A7: 6 | B7: 樂活超市 | C7: 139000.00 | D7: 2019-01-06 | E7: 香蕉 | F7: 吳小亮
A8: 7 | B8: 69小華超商 | C8: 93000.00 | D8: 2019-01-07 | E8: 西瓜 | F8: 林阿杰
A9: 8 | B9: 69小華超商 | C9: 247000.00 | D9: 2019-01-09 | E9: 柚子 | F9: 方小文
A10: 9 | B10: 愉悅水果運銷 | C10: 58000.00 | D10: 2019-01-10 | E10: 鳳梨 | F10: 楊小杉
A11: 10 | B11: 愉悅水果運銷 | C11: 231000.00 | D11: 2019-01-10 | E11: 西瓜 | F11: 葉小美
A12: 11 | B12: 品國水果行 | C12: 183000.00 | D12: 2019-01-10 | E12: 蘋果 | F12: 李小怡
... A1001: 1000 | B1001: 清泉水果產銷 | C1001: 77000.00 | D1001: 2021-12-31 | E1001: 鳳梨 | F1001: 吳小亮
